{
  "textures": {
    "layer0": "minecraft:item/hat"
  },
  "parent": "item/generated",
  "elements": [
    {
      "name": "h_hat",
      "box_uv": true,
      "render_order": "default",
      "locked": false,
      "shade": true,
      "allow_mirror_modeling": true,
      "from": [
        0,
        20,
        0
      ],
      "to": [
        16,
        21,
        16
      ],
      "autouv": 0,
      "color": 2,
      "origin": [
        8,
        -4,
        8
      ],
      "faces": {
        "north": {
          "uv": [
            16,
            16,
            32,
            17
          ],
          "texture": 0
        },
        "east": {
          "uv": [
            0,
            16,
            16,
            17
          ],
          "texture": 0
        },
        "south": {
          "uv": [
            48,
            16,
            64,
            17
          ],
          "texture": 0
        },
        "west": {
          "uv": [
            32,
            16,
            48,
            17
          ],
          "texture": 0
        },
        "up": {
          "uv": [
            32,
            16,
            16,
            0
          ],
          "texture": 0
        },
        "down": {
          "uv": [
            48,
            0,
            32,
            16
          ],
          "texture": 0
        }
      },
      "type": "cube",
      "uuid": "31bf0132-fb47-149e-a2c2-5a9b5d5b8106"
    },
    {
      "name": "h_hat",
      "box_uv": true,
      "render_order": "default",
      "locked": false,
      "shade": true,
      "allow_mirror_modeling": true,
      "from": [
        2.5,
        21,
        2.5
      ],
      "to": [
        13.5,
        32,
        13.5
      ],
      "autouv": 0,
      "color": 2,
      "origin": [
        8,
        0,
        8
      ],
      "uv_offset": [
        0,
        17
      ],
      "faces": {
        "north": {
          "uv": [
            11,
            28,
            22,
            39
          ],
          "texture": 0
        },
        "east": {
          "uv": [
            0,
            28,
            11,
            39
          ],
          "texture": 0
        },
        "south": {
          "uv": [
            33,
            28,
            44,
            39
          ],
          "texture": 0
        },
        "west": {
          "uv": [
            22,
            28,
            33,
            39
          ],
          "texture": 0
        },
        "up": {
          "uv": [
            22,
            28,
            11,
            17
          ],
          "texture": 0
        },
        "down": {
          "uv": [
            33,
            17,
            22,
            28
          ],
          "texture": 0
        }
      },
      "type": "cube",
      "uuid": "4008753a-3a7d-2840-5bd5-38ef62576e08"
    },
    {
      "name": "h_hat",
      "box_uv": true,
      "render_order": "default",
      "locked": false,
      "shade": true,
      "allow_mirror_modeling": true,
      "from": [
        2.5,
        21,
        2.5
      ],
      "to": [
        13.5,
        23.5,
        13.5
      ],
      "autouv": 0,
      "color": 2,
      "inflate": 0.2,
      "origin": [
        8,
        -4,
        8
      ],
      "uv_offset": [
        0,
        39
      ],
      "faces": {
        "north": {
          "uv": [
            11,
            50,
            22,
            52
          ],
          "texture": 0
        },
        "east": {
          "uv": [
            0,
            50,
            11,
            52
          ],
          "texture": 0
        },
        "south": {
          "uv": [
            33,
            50,
            44,
            52
          ],
          "texture": 0
        },
        "west": {
          "uv": [
            22,
            50,
            33,
            52
          ],
          "texture": 0
        },
        "up": {
          "uv": [
            22,
            50,
            11,
            39
          ],
          "texture": 0
        },
        "down": {
          "uv": [
            33,
            39,
            22,
            50
          ],
          "texture": 0
        }
      },
      "type": "cube",
      "uuid": "bc44781c-3cfe-c4a2-ffd2-19118bc9843d"
    }
  ],
  "display": {
    "thirdperson_righthand": {
      "rotation": [
        -15.5,
        0,
        0
      ],
      "translation": [
        0,
        -6.5,
        0
      ],
      "scale": [
        0.5,
        0.5,
        0.5
      ]
    },
    "thirdperson_lefthand": {
      "translation": [
        0,
        -6,
        0
      ],
      "scale": [
        0.5,
        0.5,
        0.5
      ]
    },
    "firstperson_righthand": {
      "rotation": [
        0,
        39,
        0
      ],
      "translation": [
        4.75,
        -12,
        0
      ]
    },
    "firstperson_lefthand": {
      "rotation": [
        17,
        -11,
        -7
      ],
      "translation": [
        0,
        -11,
        0
      ]
    },
    "head": {
      "translation": [
        0,
        -6.25,
        0
      ]
    },
    "fixed": {
      "translation": [
        0,
        -17,
        0
      ]
    },
    "on_shelf": {
      "scale": [
        1,
        0.49,
        1
      ]
    }
  }
}
