{
  "textures": {
    "layer0": "minecraft:item/zelda_rework_texture_sword"
  },
  "parent": "item/generated",
  "elements": [
    {
      "name": "cube",
      "box_uv": false,
      "rescale": false,
      "locked": false,
      "light_emission": 0,
      "render_order": "default",
      "allow_mirror_modeling": true,
      "from": [
        19.081475451951132,
        -4.581475451951131,
        7
      ],
      "to": [
        23.081475451951132,
        -0.5814754519511309,
        10
      ],
      "autouv": 0,
      "color": 0,
      "rotation": [
        0,
        0,
        -45
      ],
      "origin": [
        8,
        10.5,
        8.5
      ],
      "faces": {
        "north": {
          "uv": [
            24,
            10,
            28,
            14
          ],
          "texture": 0
        },
        "east": {
          "uv": [
            28,
            25,
            31,
            29
          ],
          "texture": 0
        },
        "south": {
          "uv": [
            28,
            10,
            24,
            14
          ],
          "texture": 0
        },
        "west": {
          "uv": [
            29,
            0,
            32,
            4
          ],
          "texture": 0
        },
        "up": {
          "uv": [
            33,
            8,
            29,
            5
          ],
          "texture": 0
        },
        "down": {
          "uv": [
            33,
            9,
            29,
            12
          ],
          "texture": 0
        }
      },
      "type": "cube",
      "uuid": "2a2d811c-de56-3639-df7b-77b731a410b6"
    },
    {
      "name": "cube",
      "box_uv": false,
      "rescale": false,
      "locked": false,
      "light_emission": 0,
      "render_order": "default",
      "allow_mirror_modeling": true,
      "from": [
        7,
        -8,
        7.5
      ],
      "to": [
        9,
        1,
        9.5
      ],
      "autouv": 0,
      "color": 8,
      "rotation": [
        0,
        -45,
        0
      ],
      "origin": [
        8,
        10.5,
        8.5
      ],
      "faces": {
        "north": {
          "uv": [
            22,
            19,
            24,
            28
          ],
          "texture": 0
        },
        "east": {
          "uv": [
            24,
            19,
            22,
            28
          ],
          "texture": 0
        },
        "south": {
          "uv": [
            15,
            23,
            13,
            32
          ],
          "texture": 0
        },
        "west": {
          "uv": [
            13,
            23,
            15,
            32
          ],
          "texture": 0
        },
        "up": {
          "uv": [
            22,
            37,
            20,
            35
          ],
          "texture": 0
        },
        "down": {
          "uv": [
            36,
            35,
            34,
            37
          ],
          "texture": 0
        }
      },
      "type": "cube",
      "uuid": "528a25ae-2ec9-0a74-b1ec-ca4c61c6b229"
    },
    {
      "name": "cube",
      "box_uv": false,
      "rescale": false,
      "locked": false,
      "light_emission": 0,
      "render_order": "default",
      "allow_mirror_modeling": true,
      "from": [
        -0.010407640085653647,
        2.4895923599143455,
        7
      ],
      "to": [
        2.9895923599143464,
        5.4895923599143455,
        10
      ],
      "autouv": 0,
      "color": 9,
      "rotation": [
        0,
        0,
        45
      ],
      "origin": [
        8,
        10.5,
        8.5
      ],
      "faces": {
        "north": {
          "uv": [
            32,
            25,
            35,
            28
          ],
          "texture": 0
        },
        "east": {
          "uv": [
            33,
            0,
            36,
            3
          ],
          "texture": 0
        },
        "south": {
          "uv": [
            35,
            25,
            32,
            28
          ],
          "texture": 0
        },
        "west": {
          "uv": [
            33,
            17,
            36,
            20
          ],
          "texture": 0
        },
        "up": {
          "uv": [
            36,
            24,
            33,
            21
          ],
          "texture": 0
        },
        "down": {
          "uv": [
            3,
            34,
            0,
            37
          ],
          "texture": 0
        }
      },
      "type": "cube",
      "uuid": "a373ca5c-9069-aec4-a677-296d60f4486f"
    },
    {
      "name": "cube",
      "box_uv": false,
      "rescale": false,
      "locked": false,
      "light_emission": 0,
      "render_order": "default",
      "allow_mirror_modeling": true,
      "from": [
        0.4592622740244341,
        5.434136008177353,
        7.5
      ],
      "to": [
        2.459262274024434,
        10.434136008177353,
        9.5
      ],
      "autouv": 0,
      "color": 0,
      "rotation": [
        0,
        0,
        45
      ],
      "origin": [
        8,
        10.5,
        8.5
      ],
      "faces": {
        "north": {
          "uv": [
            16,
            29,
            18,
            34
          ],
          "texture": 0
        },
        "east": {
          "uv": [
            19,
            29,
            21,
            34
          ],
          "texture": 0
        },
        "south": {
          "uv": [
            18,
            29,
            16,
            34
          ],
          "texture": 0
        },
        "west": {
          "uv": [
            30,
            13,
            32,
            18
          ],
          "texture": 0
        },
        "up": {
          "uv": [
            38,
            27,
            36,
            25
          ],
          "texture": 0
        },
        "down": {
          "uv": [
            30,
            36,
            28,
            38
          ],
          "texture": 0
        }
      },
      "type": "cube",
      "uuid": "87c3fae0-1e27-42f4-295b-d32e530becdb"
    },
    {
      "name": "cube",
      "box_uv": false,
      "rescale": false,
      "locked": false,
      "light_emission": 0,
      "render_order": "default",
      "allow_mirror_modeling": true,
      "from": [
        13.540737725975566,
        5.434136008177353,
        7.5
      ],
      "to": [
        15.540737725975566,
        10.434136008177353,
        9.5
      ],
      "autouv": 0,
      "color": 0,
      "rotation": [
        0,
        0,
        -45
      ],
      "origin": [
        8,
        10.5,
        8.5
      ],
      "faces": {
        "north": {
          "uv": [
            30,
            19,
            32,
            24
          ],
          "texture": 0
        },
        "east": {
          "uv": [
            28,
            30,
            30,
            35
          ],
          "texture": 0
        },
        "south": {
          "uv": [
            32,
            19,
            30,
            24
          ],
          "texture": 0
        },
        "west": {
          "uv": [
            10,
            33,
            12,
            38
          ],
          "texture": 0
        },
        "up": {
          "uv": [
            33,
            38,
            31,
            36
          ],
          "texture": 0
        },
        "down": {
          "uv": [
            39,
            0,
            37,
            2
          ],
          "texture": 0
        }
      },
      "type": "cube",
      "uuid": "f2806393-d66d-7856-d36c-5f3e42ccf513"
    },
    {
      "name": "cube",
      "box_uv": false,
      "rescale": false,
      "locked": false,
      "light_emission": 0,
      "render_order": "default",
      "allow_mirror_modeling": true,
      "from": [
        7.060660171779821,
        -1.9852813742385693,
        8.5
      ],
      "to": [
        13.060660171779821,
        3.0147186257614305,
        8.5
      ],
      "autouv": 0,
      "color": 8,
      "rotation": [
        0,
        0,
        -45
      ],
      "origin": [
        8,
        10.5,
        8.5
      ],
      "faces": {
        "north": {
          "uv": [
            9,
            17,
            15,
            22
          ],
          "texture": 0
        },
        "east": {
          "uv": [
            21,
            24,
            21,
            28
          ],
          "texture": 0
        },
        "south": {
          "uv": [
            15,
            17,
            9,
            22
          ],
          "texture": 0
        },
        "west": {
          "uv": [
            4,
            34,
            4,
            38
          ],
          "texture": 0
        },
        "up": {
          "uv": [
            41,
            28,
            36,
            28
          ],
          "texture": 0
        },
        "down": {
          "uv": [
            42,
            3,
            37,
            3
          ],
          "texture": 0
        }
      },
      "type": "cube",
      "uuid": "e369a043-7905-2a03-dc38-c9804494053a"
    },
    {
      "name": "cube",
      "box_uv": false,
      "rescale": false,
      "locked": false,
      "light_emission": 0,
      "render_order": "default",
      "allow_mirror_modeling": true,
      "from": [
        2.939339828220179,
        -1.9852813742385693,
        8.5
      ],
      "to": [
        8.939339828220179,
        3.0147186257614305,
        8.5
      ],
      "autouv": 0,
      "color": 8,
      "rotation": [
        0,
        0,
        45
      ],
      "origin": [
        8,
        10.5,
        8.5
      ],
      "faces": {
        "north": {
          "uv": [
            15,
            18,
            21,
            23
          ],
          "texture": 0
        },
        "east": {
          "uv": [
            5,
            34,
            5,
            38
          ],
          "texture": 0
        },
        "south": {
          "uv": [
            21,
            18,
            15,
            23
          ],
          "texture": 0
        },
        "west": {
          "uv": [
            23,
            35,
            23,
            39
          ],
          "texture": 0
        },
        "up": {
          "uv": [
            42,
            17,
            37,
            17
          ],
          "texture": 0
        },
        "down": {
          "uv": [
            42,
            18,
            37,
            18
          ],
          "texture": 0
        }
      },
      "type": "cube",
      "uuid": "c504ae93-39a9-c437-dbce-0228fadf3108"
    },
    {
      "name": "cube",
      "box_uv": false,
      "rescale": false,
      "locked": false,
      "light_emission": 0,
      "render_order": "default",
      "allow_mirror_modeling": true,
      "from": [
        2.1412427893638992,
        4.787689398770625,
        7.75
      ],
      "to": [
        6.141242789363899,
        8.787689398770624,
        9.25
      ],
      "autouv": 0,
      "color": 4,
      "rotation": [
        0,
        0,
        45
      ],
      "origin": [
        8,
        10.5,
        8.5
      ],
      "faces": {
        "north": {
          "uv": [
            25,
            15,
            29,
            19
          ],
          "texture": 0
        },
        "east": {
          "uv": [
            13,
            33,
            15,
            37
          ],
          "texture": 0
        },
        "south": {
          "uv": [
            29,
            15,
            25,
            19
          ],
          "texture": 0
        },
        "west": {
          "uv": [
            25,
            33,
            27,
            37
          ],
          "texture": 0
        },
        "up": {
          "uv": [
            38,
            6,
            34,
            4
          ],
          "texture": 0
        },
        "down": {
          "uv": [
            38,
            7,
            34,
            9
          ],
          "texture": 0
        }
      },
      "type": "cube",
      "uuid": "1b4fb987-00ce-ee30-b735-01bd27291c94"
    },
    {
      "name": "cube",
      "box_uv": false,
      "rescale": false,
      "locked": false,
      "light_emission": 0,
      "render_order": "default",
      "allow_mirror_modeling": true,
      "from": [
        6,
        6,
        8
      ],
      "to": [
        10,
        26,
        9
      ],
      "autouv": 0,
      "color": 5,
      "origin": [
        8,
        10.5,
        8.5
      ],
      "faces": {
        "north": {
          "uv": [
            0,
            0,
            4,
            20
          ],
          "texture": 0
        },
        "east": {
          "uv": [
            6,
            21,
            7,
            41
          ],
          "texture": 0
        },
        "south": {
          "uv": [
            4,
            0,
            0,
            20
          ],
          "texture": 0
        },
        "west": {
          "uv": [
            8,
            21,
            9,
            41
          ],
          "texture": 0
        },
        "up": {
          "uv": [
            41,
            14,
            37,
            13
          ],
          "texture": 0
        },
        "down": {
          "uv": [
            41,
            15,
            37,
            16
          ],
          "texture": 0
        }
      },
      "type": "cube",
      "uuid": "31b39c29-a624-1bd6-290a-f9457473a39b"
    },
    {
      "name": "cube",
      "box_uv": false,
      "rescale": false,
      "locked": false,
      "light_emission": 0,
      "render_order": "default",
      "allow_mirror_modeling": true,
      "from": [
        3,
        5,
        8.5
      ],
      "to": [
        6,
        13,
        8.5
      ],
      "autouv": 0,
      "color": 3,
      "origin": [
        8,
        10.5,
        8.5
      ],
      "faces": {
        "north": {
          "uv": [
            10,
            0,
            13,
            8
          ],
          "texture": 0
        },
        "east": {
          "uv": [
            24,
            35,
            24,
            43
          ],
          "texture": 0
        },
        "south": {
          "uv": [
            13,
            0,
            10,
            8
          ],
          "texture": 0
        },
        "west": {
          "uv": [
            37,
            35,
            37,
            43
          ],
          "texture": 0
        },
        "up": {
          "uv": [
            40,
            19,
            37,
            19
          ],
          "texture": 0
        },
        "down": {
          "uv": [
            40,
            20,
            37,
            20
          ],
          "texture": 0
        }
      },
      "type": "cube",
      "uuid": "d0c282cb-1290-fe12-5983-893c5eef94f9"
    },
    {
      "name": "cube",
      "box_uv": false,
      "rescale": false,
      "locked": false,
      "light_emission": 0,
      "render_order": "default",
      "allow_mirror_modeling": true,
      "from": [
        10,
        5,
        8.5
      ],
      "to": [
        13,
        13,
        8.5
      ],
      "autouv": 0,
      "color": 3,
      "origin": [
        8,
        10.5,
        8.5
      ],
      "faces": {
        "north": {
          "uv": [
            14,
            0,
            17,
            8
          ],
          "texture": 0
        },
        "east": {
          "uv": [
            0,
            38,
            0,
            46
          ],
          "texture": 0
        },
        "south": {
          "uv": [
            17,
            0,
            14,
            8
          ],
          "texture": 0
        },
        "west": {
          "uv": [
            1,
            38,
            1,
            46
          ],
          "texture": 0
        },
        "up": {
          "uv": [
            40,
            21,
            37,
            21
          ],
          "texture": 0
        },
        "down": {
          "uv": [
            40,
            22,
            37,
            22
          ],
          "texture": 0
        }
      },
      "type": "cube",
      "uuid": "2eac49eb-071b-7a67-1ba9-6c8e1c498b1a"
    },
    {
      "name": "cube",
      "box_uv": false,
      "rescale": false,
      "locked": false,
      "light_emission": 0,
      "render_order": "default",
      "allow_mirror_modeling": true,
      "from": [
        6,
        26,
        8.5
      ],
      "to": [
        10,
        32,
        8.5
      ],
      "autouv": 0,
      "color": 0,
      "origin": [
        8,
        10.5,
        8.5
      ],
      "faces": {
        "north": {
          "uv": [
            18,
            0,
            22,
            6
          ],
          "texture": 0
        },
        "east": {
          "uv": [
            2,
            38,
            2,
            44
          ],
          "texture": 0
        },
        "south": {
          "uv": [
            22,
            0,
            18,
            6
          ],
          "texture": 0
        },
        "west": {
          "uv": [
            3,
            38,
            3,
            44
          ],
          "texture": 0
        },
        "up": {
          "uv": [
            41,
            23,
            37,
            23
          ],
          "texture": 0
        },
        "down": {
          "uv": [
            41,
            24,
            37,
            24
          ],
          "texture": 0
        }
      },
      "type": "cube",
      "uuid": "f27dff00-f8fe-51c5-f97b-f64c422fb865"
    },
    {
      "name": "cube",
      "box_uv": false,
      "rescale": false,
      "locked": false,
      "light_emission": 0,
      "render_order": "default",
      "allow_mirror_modeling": true,
      "from": [
        4,
        17,
        8.5
      ],
      "to": [
        6,
        24,
        8.5
      ],
      "autouv": 0,
      "color": 8,
      "origin": [
        8,
        10.5,
        8.5
      ],
      "faces": {
        "north": {
          "uv": [
            25,
            25,
            27,
            32
          ],
          "texture": 0
        },
        "east": {
          "uv": [
            13,
            38,
            13,
            45
          ],
          "texture": 0
        },
        "south": {
          "uv": [
            27,
            25,
            25,
            32
          ],
          "texture": 0
        },
        "west": {
          "uv": [
            14,
            38,
            14,
            45
          ],
          "texture": 0
        },
        "up": {
          "uv": [
            28,
            8,
            26,
            8
          ],
          "texture": 0
        },
        "down": {
          "uv": [
            28,
            9,
            26,
            9
          ],
          "texture": 0
        }
      },
      "type": "cube",
      "uuid": "89be78ec-b1b0-003f-373d-6b32f15f77f9"
    },
    {
      "name": "cube",
      "box_uv": false,
      "rescale": false,
      "locked": false,
      "light_emission": 0,
      "render_order": "default",
      "allow_mirror_modeling": true,
      "from": [
        10,
        17,
        8.5
      ],
      "to": [
        12,
        24,
        8.5
      ],
      "autouv": 0,
      "color": 8,
      "origin": [
        8,
        10.5,
        8.5
      ],
      "faces": {
        "north": {
          "uv": [
            26,
            0,
            28,
            7
          ],
          "texture": 0
        },
        "east": {
          "uv": [
            15,
            38,
            15,
            45
          ],
          "texture": 0
        },
        "south": {
          "uv": [
            28,
            0,
            26,
            7
          ],
          "texture": 0
        },
        "west": {
          "uv": [
            16,
            38,
            16,
            45
          ],
          "texture": 0
        },
        "up": {
          "uv": [
            40,
            10,
            38,
            10
          ],
          "texture": 0
        },
        "down": {
          "uv": [
            40,
            11,
            38,
            11
          ],
          "texture": 0
        }
      },
      "type": "cube",
      "uuid": "cc7d0d28-c7bb-b63b-8237-289593ecf663"
    },
    {
      "name": "cube",
      "box_uv": false,
      "rescale": false,
      "locked": false,
      "light_emission": 0,
      "render_order": "default",
      "allow_mirror_modeling": true,
      "from": [
        5.116116523516816,
        2.959262274024435,
        8.5
      ],
      "to": [
        8.116116523516816,
        4.959262274024435,
        8.5
      ],
      "autouv": 0,
      "color": 2,
      "rotation": [
        0,
        0,
        -45
      ],
      "origin": [
        8,
        10.5,
        8.5
      ],
      "faces": {
        "north": {
          "uv": [
            34,
            10,
            37,
            12
          ],
          "texture": 0
        },
        "east": {
          "uv": [
            23,
            10,
            23,
            12
          ],
          "texture": 0
        },
        "south": {
          "uv": [
            37,
            10,
            34,
            12
          ],
          "texture": 0
        },
        "west": {
          "uv": [
            24,
            15,
            24,
            17
          ],
          "texture": 0
        },
        "up": {
          "uv": [
            41,
            12,
            38,
            12
          ],
          "texture": 0
        },
        "down": {
          "uv": [
            20,
            38,
            17,
            38
          ],
          "texture": 0
        }
      },
      "type": "cube",
      "uuid": "17be7c92-0c17-85d7-e6a8-107670b1bf41"
    },
    {
      "name": "cube",
      "box_uv": false,
      "rescale": false,
      "locked": false,
      "light_emission": 0,
      "render_order": "default",
      "allow_mirror_modeling": true,
      "from": [
        7.883883476483184,
        2.959262274024435,
        8.5
      ],
      "to": [
        10.883883476483184,
        4.959262274024435,
        8.5
      ],
      "autouv": 0,
      "color": 2,
      "rotation": [
        0,
        0,
        45
      ],
      "origin": [
        8,
        10.5,
        8.5
      ],
      "faces": {
        "north": {
          "uv": [
            34,
            32,
            37,
            34
          ],
          "texture": 0
        },
        "east": {
          "uv": [
            21,
            38,
            21,
            40
          ],
          "texture": 0
        },
        "south": {
          "uv": [
            37,
            32,
            34,
            34
          ],
          "texture": 0
        },
        "west": {
          "uv": [
            22,
            38,
            22,
            40
          ],
          "texture": 0
        },
        "up": {
          "uv": [
            41,
            29,
            38,
            29
          ],
          "texture": 0
        },
        "down": {
          "uv": [
            41,
            30,
            38,
            30
          ],
          "texture": 0
        }
      },
      "type": "cube",
      "uuid": "ebf54cae-9685-b3d7-4297-f6d4e3a6a5ee"
    }
  ],
  "display": {
    "thirdperson_righthand": {
      "rotation": [
        1.5,
        -90,
        0
      ],
      "translation": [
        0.5,
        7.25,
        2
      ],
      "scale": [
        0.85,
        0.85,
        0.85
      ]
    },
    "firstperson_righthand": {
      "rotation": [
        12.75,
        -64.5,
        0
      ],
      "translation": [
        1.75,
        2.5,
        0
      ],
      "scale": [
        0.6,
        0.6,
        0.6
      ]
    }
  }
}