{
  "resource_pack_name": "toshikoshi_be",
  "texture_name": "atlas.items",
  "texture_data": {
    "takoyaki": {
      "textures": [
        "textures/items/takoyaki"
      ]
    },
    "nikuman": {
      "textures": [
        "textures/items/nikuman"
      ]
    },
    "yakisoba": {
      "textures": [
        "textures/items/yakisoba"
      ]
    },
    "onigiri": {
      "textures": [
        "textures/items/onigiri"
      ]
    },
    "okonomiyaki": {
      "textures": [
        "textures/items/okonomiyaki"
      ]
    },
    "ringoame": {
      "textures": [
        "textures/items/ringoame"
      ]
    },
    "chokobanana": {
      "textures": [
        "textures/items/chokobanana"
      ]
    },
    "wataame": {
      "textures": [
        "textures/items/wataame"
      ]
    },
    "itigoame": {
      "textures": [
        "textures/items/itigoame"
      ]
    },
    "mitarashidango": {
      "textures": [
        "textures/items/mitarashidango"
      ]
    },
    "bebikasutera": {
      "textures": [
        "textures/items/bebikasutera"
      ]
    },
    "taiyaki": {
      "textures": [
        "textures/items/taiyaki"
      ]
    },
    "tawashi": {
      "textures": [
        "textures/items/tawashi"
      ]
    },
    "ramen": {
      "textures": [
        "textures/items/ramen"
      ]
    },
    "oden": {
      "textures": [
        "textures/items/oden"
      ]
    },
    "soba": {
      "textures": [
        "textures/items/soba"
      ]
    },
    "ozoni": {
      "textures": [
        "textures/items/ozoni"
      ]
    }
  }
}