{
  "model": {
    "type": "select",
    "property": "custom_model_data",
    "fallback": {
      "type": "model",
      "model": "item/cooked_beef"
    },
    "cases": [
      {
        "when": "takoyaki",
        "model": {
          "type": "model",
          "model": "item/takoyaki"
        }
      },
      {
        "when": "nikuman",
        "model": {
          "type": "model",
          "model": "item/nikuman"
        }
      },
      {
        "when": "yakisoba",
        "model": {
          "type": "model",
          "model": "item/yakisoba"
        }
      },
      {
        "when": "onigiri",
        "model": {
          "type": "model",
          "model": "item/onigiri"
        }
      },
      {
        "when": "okonomiyaki",
        "model": {
          "type": "model",
          "model": "item/okonomiyaki"
        }
      }
    ]
  }
}