{
  "model": {
    "type": "select",
    "property": "custom_model_data",
    "fallback": {
      "type": "model",
      "model": "item/cookie"
    },
    "cases": [
      {
        "when": "ringoame",
        "model": {
          "type": "model",
          "model": "item/ringoame"
        }
      },
      {
        "when": "chokobanana",
        "model": {
          "type": "model",
          "model": "item/chokobanana"
        }
      },
      {
        "when": "wataame",
        "model": {
          "type": "model",
          "model": "item/wataame"
        }
      },
      {
        "when": "itigoame",
        "model": {
          "type": "model",
          "model": "item/itigoame"
        }
      },
      {
        "when": "mitarashidango",
        "model": {
          "type": "model",
          "model": "item/mitarashidango"
        }
      },
      {
        "when": "bebikasutera",
        "model": {
          "type": "model",
          "model": "item/bebikasutera"
        }
      },
      {
        "when": "taiyaki",
        "model": {
          "type": "model",
          "model": "item/taiyaki"
        }
      },
      {
        "when": "tawashi",
        "model": {
          "type": "model",
          "model": "item/tawashi"
        }
      }
    ]
  }
}