{
  "model": {
    "type": "select",
    "property": "custom_model_data",
    "fallback": {
      "type": "model",
      "model": "item/rabbit_stew"
    },
    "cases": [
      {
        "when": "ramen",
        "model": {
          "type": "model",
          "model": "item/ramen"
        }
      },
      {
        "when": "oden",
        "model": {
          "type": "model",
          "model": "item/oden"
        }
      },
      {
        "when": "soba",
        "model": {
          "type": "model",
          "model": "item/soba"
        }
      }
    ]
  }
}